{"params": [-1.029, 0.8075156250000105, 1.488000000000007, 0.7509999999999835, 0.3310000000000081, 0.03670000000000063, 0.03670000000000026, 0.029700000000000847, 24.689999999999827, -2.0981466356114275e-16, -1.0431570837508474e-16], "score": 47}