{"params": [-1.1071210377104048, 0.865154817658403, 1.415610646149534, 0.7360516636271334, 0.3713737505119259, 9.899153653234874, 20.000364813048556, 30.08890372011076, 0.03459784476553534, 22.574668608029796], "test_score": 51, "hist_score": 242}