{"params": [-0.9665103286569976, 0.755284994643082, 1.6213600572975244, 0.813268608577364, 0.3404666107633389, 10, 20, 29, 0.025806274187704845, 0.02777171692356944, 0.02401965544225936, 27.569263880216884], "score": 50}