{"params": [-0.9614807365023617, 0.765853355269267, 1.47532686337967, 0.7467474829174183, 0.31912714880566695, 10, 20, 29, 0.03143364408268688, 24.13969070370771], "score": 51}